,CDD_OBS,CDD_MME,CDD_CNRM,CDD_CSIRO,CDD_GFDL,CDD_IPSL,CDD_MIROC5,CDD_MPI,CDD_NorESM1
count,17205.0,16884.0,16884.0,16884.0,16884.0,16884.0,16884.0,16884.0,16884.0
mean,937.30078125,991.94482421875,991.1196899414062,965.8338623046875,992.8591918945312,1014.6324462890625,963.1795043945312,1021.5838623046875,994.3893432617188
std,531.0572509765625,495.20086669921875,493.0093688964844,495.8393859863281,496.0978698730469,485.82244873046875,495.40380859375,501.539306640625,499.7649841308594
min,0.0,0.0,0.0,0.0,0.0,0.0,0.0,0.0,0.0
25%,522.1395874023438,612.4909057617188,613.1055297851562,582.0472412109375,612.3681640625,647.3378295898438,579.8082275390625,638.0414428710938,613.5079345703125
50%,966.4901733398438,1000.593994140625,998.945556640625,974.771484375,1003.19091796875,1023.878662109375,974.1874389648438,1028.6649169921875,1003.7166137695312
75%,1368.830810546875,1439.45166015625,1437.7021484375,1414.544189453125,1435.261474609375,1455.1685791015625,1410.8040771484375,1477.5843505859375,1444.232177734375
max,2184.95361328125,1948.44189453125,1946.03759765625,1922.8082275390625,1947.1348876953125,1950.6971435546875,1919.089599609375,1994.481689453125,1958.8441162109375
