,Obs,MME_1.5,MME_2.0,MME_2.5,MME_3.0
count,17205.0,16884.0,16884.0,16884.0,16884.0
mean,937.30078125,1328.2573684943677,1530.0639862402343,1737.7915288745533,1928.9289617220704
std,531.0572509765625,617.5435997572059,658.1803255782211,690.3609159694673,715.5844101914874
min,0.0,0.009941350712076817,0.06582315582337298,0.11074598186849015,0.38955666000221123
25%,522.1395874023438,882.2975312433771,1061.3918802288435,1241.852767871914,1408.499250097373
50%,966.4901733398438,1404.0033771904873,1609.5773731048166,1818.1182971802464,2009.1027940829267
75%,1368.830810546875,1816.2501275190677,2045.22227455773,2276.0571800075595,2488.0380480254535
max,2184.95361328125,2678.4227068534396,2941.2350637917853,3198.453396105725,3444.585145050286
