,Obs,MME_1.5,MME_2.0,MME_2.5,MME_3.0
count,17205.0,16884.0,16884.0,16884.0,16884.0
mean,0.0,426.18716669249034,642.8780770203516,862.9035693297959,1063.400398942369
std,0.0,94.67347718411698,136.34588026667504,175.6676245673921,211.87295093243125
min,0.0,0.16914842196808014,0.6959344612636793,1.660409853197493,4.296251032219279
25%,0.0,364.42900272591646,551.3477293604478,743.8993182246877,916.4974515856569
50%,0.0,436.9971215425283,658.0193591357599,879.6229545328126,1081.9003069475675
75%,0.0,499.57747036401906,754.3785139064539,1008.167778647071,1234.39005650836
max,0.0,623.1530274154632,915.8408952929458,1237.2214880974948,1544.1929636849527
