,Obs,MME_1.5,MME_2.0,MME_2.5,MME_3.0
count,17205.0,16884.0,16884.0,16884.0,16884.0
mean,0.0,382.88922747907327,584.6958452249536,792.42338785929,983.5608207068082
std,0.0,108.84728739822317,156.47863350368792,198.50356241663428,235.59738835263627
min,0.0,0.009941350712076817,0.06582315582337298,0.11074598186849015,0.38955666000221123
25%,0.0,323.978769828802,493.85232605519116,673.4945120934415,838.1281702029503
50%,0.0,395.22003493995715,599.3414006372152,805.1039984128712,991.0379977143743
75%,0.0,466.1759535699535,710.6491048311717,953.8755300211367,1173.5048828838792
max,0.0,588.0459170490681,870.4169426223725,1167.7143926671802,1457.392658501583
